LCL181+1.p,0.01201,CounterSatisfiable
LCL230+1.p,0.01222,CounterSatisfiable
SYJ101+1.p,0.01188,Theorem
SYJ102+1.p,0.01208,Theorem
SYJ103+1.p,0.01188,Theorem
SYJ104+1.p,0.01185,Theorem
SYJ105+1.002.p,0.01213,Theorem
SYJ105+1.003.p,0.01202,Theorem
SYJ105+1.004.p,0.01209,Theorem
SYJ106+1.p,0.01202,Theorem
SYJ107+1.001.p,0.01212,Theorem
SYJ107+1.002.p,0.01207,Theorem
SYJ107+1.003.p,0.01189,Theorem
SYJ107+1.004.p,0.01200,Theorem
SYJ201+1.001.p,0.01197,Theorem
SYJ201+1.002.p,0.01217,Theorem
SYJ201+1.003.p,0.01200,Theorem
SYJ201+1.004.p,0.01208,Theorem
SYJ201+1.005.p,0.02200,Theorem
SYJ201+1.006.p,0.04228,Theorem
SYJ201+1.007.p,0.04200,Theorem
SYJ201+1.008.p,0.05214,Theorem
SYJ201+1.009.p,0.02203,Theorem
SYJ201+1.010.p,0.03229,Theorem
SYJ201+1.011.p,0.03215,Theorem
SYJ201+1.012.p,0.04200,Theorem
SYJ201+1.013.p,0.05204,Theorem
SYJ201+1.014.p,0.08215,Theorem
SYJ201+1.015.p,0.23226,Theorem
SYJ201+1.016.p,0.06243,Theorem
SYJ201+1.017.p,0.22232,Theorem
SYJ201+1.018.p,0.89299,Theorem
SYJ201+1.019.p,0.64284,Theorem
SYJ201+1.020.p,0.23231,Theorem
SYJ202+1.001.p,0.01203,Theorem
SYJ202+1.002.p,0.01192,Theorem
SYJ202+1.003.p,0.01202,Theorem
SYJ202+1.004.p,0.01194,Theorem
SYJ202+1.005.p,0.01203,Theorem
SYJ202+1.006.p,0.04229,Theorem
SYJ202+1.007.p,0.14248,Theorem
SYJ202+1.008.p,0.33202,Theorem
SYJ202+1.009.p,2.47233,Theorem
SYJ202+1.010.p,11.27266,Theorem
SYJ202+1.011.p,-,Timeout
SYJ202+1.012.p,-,Timeout
SYJ202+1.013.p,-,Timeout
SYJ202+1.014.p,-,Timeout
SYJ202+1.015.p,-,Timeout
SYJ202+1.016.p,-,Timeout
SYJ202+1.017.p,-,Timeout
SYJ202+1.018.p,-,Timeout
SYJ202+1.019.p,-,Timeout
SYJ202+1.020.p,-,Timeout
SYJ203+1.001.p,0.01200,Theorem
SYJ203+1.002.p,0.01216,Theorem
SYJ203+1.003.p,0.01195,Theorem
SYJ203+1.004.p,0.01227,Theorem
SYJ203+1.005.p,0.01195,Theorem
SYJ203+1.006.p,0.01195,Theorem
SYJ203+1.007.p,0.01198,Theorem
SYJ203+1.008.p,0.01204,Theorem
SYJ203+1.009.p,0.01193,Theorem
SYJ203+1.010.p,0.01212,Theorem
SYJ203+1.011.p,0.01208,Theorem
SYJ203+1.012.p,0.01208,Theorem
SYJ203+1.013.p,0.01211,Theorem
SYJ203+1.014.p,0.01292,Theorem
SYJ203+1.015.p,0.01214,Theorem
SYJ203+1.016.p,0.01215,Theorem
SYJ203+1.017.p,0.01198,Theorem
SYJ203+1.018.p,0.01232,Theorem
SYJ203+1.019.p,0.01215,Theorem
SYJ203+1.020.p,0.01230,Theorem
SYJ204+1.001.p,0.01188,Theorem
SYJ204+1.002.p,0.01210,Theorem
SYJ204+1.003.p,0.01185,Theorem
SYJ204+1.004.p,0.01195,Theorem
SYJ204+1.005.p,0.01194,Theorem
SYJ204+1.006.p,0.01213,Theorem
SYJ204+1.007.p,0.01193,Theorem
SYJ204+1.008.p,0.01200,Theorem
SYJ204+1.009.p,0.01216,Theorem
SYJ204+1.010.p,0.01207,Theorem
SYJ204+1.011.p,0.01197,Theorem
SYJ204+1.012.p,0.01188,Theorem
SYJ204+1.013.p,0.01196,Theorem
SYJ204+1.014.p,0.01196,Theorem
SYJ204+1.015.p,0.01223,Theorem
SYJ204+1.016.p,0.01198,Theorem
SYJ204+1.017.p,0.01245,Theorem
SYJ204+1.018.p,0.01320,Theorem
SYJ204+1.019.p,0.01311,Theorem
SYJ204+1.020.p,0.01277,Theorem
SYJ205+1.001.p,0.01266,Theorem
SYJ205+1.002.p,0.01317,Theorem
SYJ205+1.003.p,0.01341,Theorem
SYJ205+1.004.p,0.01336,Theorem
SYJ205+1.005.p,0.01260,Theorem
SYJ205+1.006.p,0.01240,Theorem
SYJ205+1.007.p,0.01254,Theorem
SYJ205+1.008.p,0.01274,Theorem
SYJ205+1.009.p,0.01278,Theorem
SYJ205+1.010.p,0.01231,Theorem
SYJ205+1.011.p,0.01201,Theorem
SYJ205+1.012.p,0.01200,Theorem
SYJ205+1.013.p,0.01209,Theorem
SYJ205+1.014.p,0.01188,Theorem
SYJ205+1.015.p,0.01198,Theorem
SYJ205+1.016.p,0.01196,Theorem
SYJ205+1.017.p,0.01194,Theorem
SYJ205+1.018.p,0.01192,Theorem
SYJ205+1.019.p,0.01205,Theorem
SYJ205+1.020.p,0.01225,Theorem
SYJ206+1.001.p,0.01193,Theorem
SYJ206+1.002.p,0.01186,Theorem
SYJ206+1.003.p,0.01186,Theorem
SYJ206+1.004.p,0.01200,Theorem
SYJ206+1.005.p,0.01216,Theorem
SYJ206+1.006.p,0.01207,Theorem
SYJ206+1.007.p,0.01195,Theorem
SYJ206+1.008.p,0.01182,Theorem
SYJ206+1.009.p,0.01187,Theorem
SYJ206+1.010.p,0.01194,Theorem
SYJ206+1.011.p,0.01194,Theorem
SYJ206+1.012.p,0.01188,Theorem
SYJ206+1.013.p,0.01182,Theorem
SYJ206+1.014.p,0.01189,Theorem
SYJ206+1.015.p,0.01214,Theorem
SYJ206+1.016.p,0.01192,Theorem
SYJ206+1.017.p,0.01213,Theorem
SYJ206+1.018.p,0.01202,Theorem
SYJ206+1.019.p,0.01196,Theorem
SYJ206+1.020.p,0.01206,Theorem
SYJ207+1.001.p,0.01198,CounterSatisfiable
SYJ207+1.002.p,0.01210,CounterSatisfiable
SYJ207+1.003.p,0.01183,CounterSatisfiable
SYJ207+1.004.p,0.01194,CounterSatisfiable
SYJ207+1.005.p,0.01221,CounterSatisfiable
SYJ207+1.006.p,0.02194,CounterSatisfiable
SYJ207+1.007.p,0.02195,CounterSatisfiable
SYJ207+1.008.p,0.03215,CounterSatisfiable
SYJ207+1.009.p,0.02217,CounterSatisfiable
SYJ207+1.010.p,0.02196,CounterSatisfiable
SYJ207+1.011.p,0.03205,CounterSatisfiable
SYJ207+1.012.p,0.02242,CounterSatisfiable
SYJ207+1.013.p,0.03236,CounterSatisfiable
SYJ207+1.014.p,0.04204,CounterSatisfiable
SYJ207+1.015.p,0.04225,CounterSatisfiable
SYJ207+1.016.p,0.03217,CounterSatisfiable
SYJ207+1.017.p,0.05227,CounterSatisfiable
SYJ207+1.018.p,0.05211,CounterSatisfiable
SYJ207+1.019.p,0.07217,CounterSatisfiable
SYJ207+1.020.p,0.05203,CounterSatisfiable
SYJ208+1.001.p,0.01191,CounterSatisfiable
SYJ208+1.002.p,0.01183,CounterSatisfiable
SYJ208+1.003.p,0.01190,CounterSatisfiable
SYJ208+1.004.p,0.01188,CounterSatisfiable
SYJ208+1.005.p,0.01192,CounterSatisfiable
SYJ208+1.006.p,0.02193,CounterSatisfiable
SYJ208+1.007.p,0.05231,CounterSatisfiable
SYJ208+1.008.p,0.12200,CounterSatisfiable
SYJ208+1.009.p,0.04209,CounterSatisfiable
SYJ208+1.010.p,0.04212,CounterSatisfiable
SYJ208+1.011.p,0.06231,CounterSatisfiable
SYJ208+1.012.p,0.09249,CounterSatisfiable
SYJ208+1.013.p,0.11217,CounterSatisfiable
SYJ208+1.014.p,0.13236,CounterSatisfiable
SYJ208+1.015.p,0.16249,CounterSatisfiable
SYJ208+1.016.p,0.24271,CounterSatisfiable
SYJ208+1.017.p,0.22280,CounterSatisfiable
SYJ208+1.018.p,0.25262,CounterSatisfiable
SYJ208+1.019.p,0.32284,CounterSatisfiable
SYJ208+1.020.p,0.36285,CounterSatisfiable
SYJ209+1.001.p,0.01180,CounterSatisfiable
SYJ209+1.002.p,0.01187,CounterSatisfiable
SYJ209+1.003.p,0.01180,CounterSatisfiable
SYJ209+1.004.p,0.01183,CounterSatisfiable
SYJ209+1.005.p,0.01188,CounterSatisfiable
SYJ209+1.006.p,0.01190,CounterSatisfiable
SYJ209+1.007.p,0.01187,CounterSatisfiable
SYJ209+1.008.p,0.01193,CounterSatisfiable
SYJ209+1.009.p,0.01196,CounterSatisfiable
SYJ209+1.010.p,0.01215,CounterSatisfiable
SYJ209+1.011.p,0.01211,CounterSatisfiable
SYJ209+1.012.p,0.01193,CounterSatisfiable
SYJ209+1.013.p,0.01235,CounterSatisfiable
SYJ209+1.014.p,0.01218,CounterSatisfiable
SYJ209+1.015.p,0.01197,CounterSatisfiable
SYJ209+1.016.p,0.01205,CounterSatisfiable
SYJ209+1.017.p,0.01208,CounterSatisfiable
SYJ209+1.018.p,0.01231,CounterSatisfiable
SYJ209+1.019.p,0.01197,CounterSatisfiable
SYJ209+1.020.p,0.01202,CounterSatisfiable
SYJ210+1.001.p,0.01188,CounterSatisfiable
SYJ210+1.002.p,0.01191,CounterSatisfiable
SYJ210+1.003.p,0.01194,CounterSatisfiable
SYJ210+1.004.p,0.01193,CounterSatisfiable
SYJ210+1.005.p,0.01207,CounterSatisfiable
SYJ210+1.006.p,0.01177,CounterSatisfiable
SYJ210+1.007.p,0.01204,CounterSatisfiable
SYJ210+1.008.p,0.01200,CounterSatisfiable
SYJ210+1.009.p,0.01187,CounterSatisfiable
SYJ210+1.010.p,0.01224,CounterSatisfiable
SYJ210+1.011.p,0.01198,CounterSatisfiable
SYJ210+1.012.p,0.01214,CounterSatisfiable
SYJ210+1.013.p,0.01206,CounterSatisfiable
SYJ210+1.014.p,0.01204,CounterSatisfiable
SYJ210+1.015.p,0.01188,CounterSatisfiable
SYJ210+1.016.p,0.01215,CounterSatisfiable
SYJ210+1.017.p,0.01201,CounterSatisfiable
SYJ210+1.018.p,0.01220,CounterSatisfiable
SYJ210+1.019.p,0.01196,CounterSatisfiable
SYJ210+1.020.p,0.01209,CounterSatisfiable
SYJ211+1.001.p,0.01191,CounterSatisfiable
SYJ211+1.002.p,0.01194,CounterSatisfiable
SYJ211+1.003.p,0.01219,CounterSatisfiable
SYJ211+1.004.p,0.01187,CounterSatisfiable
SYJ211+1.005.p,0.01215,CounterSatisfiable
SYJ211+1.006.p,0.01190,CounterSatisfiable
SYJ211+1.007.p,0.01190,CounterSatisfiable
SYJ211+1.008.p,0.01193,CounterSatisfiable
SYJ211+1.009.p,0.01201,CounterSatisfiable
SYJ211+1.010.p,0.01211,CounterSatisfiable
SYJ211+1.011.p,0.01200,CounterSatisfiable
SYJ211+1.012.p,0.01199,CounterSatisfiable
SYJ211+1.013.p,0.01220,CounterSatisfiable
SYJ211+1.014.p,0.01217,CounterSatisfiable
SYJ211+1.015.p,0.01194,CounterSatisfiable
SYJ211+1.016.p,0.01195,CounterSatisfiable
SYJ211+1.017.p,0.01186,CounterSatisfiable
SYJ211+1.018.p,0.01224,CounterSatisfiable
SYJ211+1.019.p,0.01222,CounterSatisfiable
SYJ211+1.020.p,0.01203,CounterSatisfiable
SYJ212+1.001.p,0.01181,CounterSatisfiable
SYJ212+1.002.p,0.01213,CounterSatisfiable
SYJ212+1.003.p,0.01189,CounterSatisfiable
SYJ212+1.004.p,0.01198,CounterSatisfiable
SYJ212+1.005.p,0.01201,CounterSatisfiable
SYJ212+1.006.p,0.01186,CounterSatisfiable
SYJ212+1.007.p,0.01187,CounterSatisfiable
SYJ212+1.008.p,0.01272,CounterSatisfiable
SYJ212+1.009.p,0.01206,CounterSatisfiable
SYJ212+1.010.p,0.01200,CounterSatisfiable
SYJ212+1.011.p,0.01230,CounterSatisfiable
SYJ212+1.012.p,0.01230,CounterSatisfiable
SYJ212+1.013.p,0.01218,CounterSatisfiable
SYJ212+1.014.p,0.01191,CounterSatisfiable
SYJ212+1.015.p,0.01194,CounterSatisfiable
SYJ212+1.016.p,0.01244,CounterSatisfiable
SYJ212+1.017.p,0.01191,CounterSatisfiable
SYJ212+1.018.p,0.01207,CounterSatisfiable
SYJ212+1.019.p,0.01196,CounterSatisfiable
SYJ212+1.020.p,0.01198,CounterSatisfiable
SYN001+1.p,0.01177,CounterSatisfiable
SYN007+1.014.p,0.01191,CounterSatisfiable
SYN040+1.p,0.01187,CounterSatisfiable
SYN041+1.p,0.01194,Theorem
SYN044+1.p,0.01187,Theorem
SYN045+1.p,0.01213,Theorem
SYN046+1.p,0.01183,CounterSatisfiable
SYN047+1.p,0.01189,CounterSatisfiable
SYN387+1.p,0.01189,CounterSatisfiable
SYN388+1.p,0.01185,CounterSatisfiable
SYN389+1.p,0.01202,CounterSatisfiable
SYN390+1.p,0.01195,Theorem
SYN391+1.p,0.01204,Theorem
SYN392+1.p,0.01191,CounterSatisfiable
SYN393+1.p,0.01217,CounterSatisfiable
SYN416+1.p,0.01199,CounterSatisfiable
SYN915+1.p,0.01207,Theorem
SYN916+1.p,0.01204,CounterSatisfiable
SYN977+1.p,0.01204,CounterSatisfiable
SYN978+1.p,0.01197,Theorem
